City,Lat,Lng,Max Temp,Humidity,Cloudiness,Wind Speed,Country,Date
Hirara,24.8,125.2833,80.28,89,97,8.28,JP,1666383577
Saint Paul Harbor,57.79,-152.4072,49.51,46,0,17.27,US,1666383578
Walvis Bay,-22.9575,14.5053,61.75,82,1,9.22,NA,1666383578
Turukhansk,65.8167,87.9833,33.91,98,100,18.41,RU,1666383578
Nikolskoye,59.7035,30.7861,42.69,93,100,3.27,RU,1666383579
Jamestown,42.097,-79.2353,63.99,35,0,17.27,US,1666383019
Antofagasta,-23.65,-70.4,61.88,65,17,7.52,CL,1666383579
Yangi Marg`ilon,40.4272,71.7189,47.12,81,6,4.61,UZ,1666383504
Mattru,7.6244,-11.8332,74.59,96,45,3.0,SL,1666383580
Qaanaaq,77.484,-69.3632,-1.82,61,0,9.24,GL,1666383580
Cape Town,-33.9258,18.4232,63.27,69,0,26.46,ZA,1666383336
Upernavik,72.7868,-56.1549,20.88,70,100,4.09,GL,1666383580
Itoman,26.1247,127.6694,77.77,100,75,3.44,JP,1666383581
Mataura,-46.1927,168.8643,44.82,63,21,2.55,NZ,1666383581
Bluff,-46.6,168.3333,45.23,73,35,9.73,NZ,1666383581
Chui,-33.6971,-53.4616,63.95,80,75,10.13,UY,1666383582
Guerrero Negro,27.9769,-114.0611,78.22,54,10,7.54,MX,1666383582
Bukama,-9.2,25.85,75.92,63,86,3.42,CD,1666383582
Bredasdorp,-34.5322,20.0403,55.94,79,58,4.27,ZA,1666383583
Yārāda,17.65,83.2667,80.92,69,20,3.44,IN,1666383583
Lebu,-37.6167,-73.65,52.84,61,0,17.36,CL,1666383583
Tasiilaq,65.6145,-37.6368,32.16,96,100,3.51,GL,1666383584
Jumla,29.2747,82.1838,42.21,82,2,3.98,NP,1666383584
Lüderitz,-26.6481,15.1594,62.28,74,1,23.0,NA,1666383584
Eyl,7.9803,49.8164,78.33,82,63,10.18,SO,1666383585
Coos Bay,43.3665,-124.2179,66.31,91,100,5.75,US,1666383324
Avarua,-21.2078,-159.775,80.65,78,75,17.27,CK,1666383585
Rikitea,-23.1203,-134.9692,70.95,74,1,24.54,PF,1666383585
Williams Lake,52.1415,-122.1445,44.17,56,75,4.61,CA,1666383330
Cabo San Lucas,22.8909,-109.9124,90.61,72,69,6.17,MX,1666383499
Ternate,0.8,127.4,81.16,78,88,3.42,ID,1666383586
Vanimo,-2.6741,141.3028,77.52,88,100,4.09,PG,1666383586
Vardø,70.3705,31.1107,31.98,86,100,14.97,NO,1666383586
Neiafu,-18.65,-173.9833,77.68,88,75,2.3,TO,1666383587
Port Alfred,-33.5906,26.891,65.17,97,100,3.0,ZA,1666383587
Airai,-8.9266,125.4092,61.39,82,93,0.81,TL,1666383587
Coahuayana Viejo,18.7333,-103.6833,80.02,82,100,1.48,MX,1666383588
Roanoke,37.271,-79.9414,68.22,33,20,5.75,US,1666383588
Graaff-Reinet,-32.2522,24.5308,59.92,92,91,10.89,ZA,1666383588
Hualmay,-11.0964,-77.6139,66.34,69,73,10.16,PE,1666383589
Damāvand,35.7178,52.065,53.91,36,3,1.7,IR,1666383589
Ribeira Grande,38.5167,-28.7,66.78,88,75,17.27,PT,1666383589
Tuktoyaktuk,69.4541,-133.0374,23.0,86,75,10.36,CA,1666383590
Sørland,67.667,12.6934,42.66,74,100,15.93,NO,1666383590
Punta Arenas,-53.15,-70.9167,51.91,43,0,31.07,CL,1666383590
Anori,-3.7728,-61.6442,89.65,56,100,1.7,BR,1666383591
Dikson,73.5069,80.5464,32.23,94,100,13.02,RU,1666383591
Busselton,-33.65,115.3333,54.28,79,99,7.83,AU,1666383591
Jaru,-10.4389,-62.4664,84.99,63,93,3.27,BR,1666383592
Lamu,-2.2717,40.902,75.42,82,98,11.05,KE,1666383592
Hilo,19.7297,-155.09,88.29,74,100,7.0,US,1666383592
Kudahuvadhoo,2.6708,72.8944,81.64,73,100,15.14,MV,1666383593
Departamento de Maldonado,-34.6667,-54.9167,60.19,76,57,12.03,UY,1666383593
Padang,-0.9492,100.3543,76.66,87,100,4.85,ID,1666383355
Pando,-34.7167,-55.95,61.2,88,100,13.8,UY,1666383594
Chimoré,-16.9833,-65.1333,71.91,86,100,2.86,BO,1666383594
Santa Rosa,14.3122,121.1114,81.09,91,98,3.8,PH,1666383441
Vanavara,60.34,102.2797,28.6,90,94,3.51,RU,1666383594
Kiunga,-6.1219,141.2906,72.91,100,100,2.28,PG,1666383595
Igrim,63.1906,64.4162,30.76,82,35,9.15,RU,1666383595
Pevek,69.7008,170.3133,23.92,96,100,0.34,RU,1666383595
Hobart,-42.8794,147.3294,61.27,96,75,4.61,AU,1666383596
East London,-33.0153,27.9116,69.01,89,100,6.85,ZA,1666383596
Severo-Kuril'sk,50.6789,156.125,38.25,82,90,6.15,RU,1666383596
Arraial do Cabo,-22.9661,-42.0278,73.42,88,100,23.0,BR,1666383596
Subtanjalla,-14.0189,-75.7581,80.19,31,5,13.76,PE,1666383597
Sirte,31.2089,16.5887,72.5,67,11,10.33,LY,1666383597
Hailar,49.2,119.7,28.13,83,85,3.22,CN,1666383597
Mahébourg,-20.4081,57.7,74.25,88,40,3.44,MU,1666383598
Kaeo,-35.1,173.7833,61.32,87,94,11.59,NZ,1666383598
Fare,-16.7,-151.0167,79.18,76,0,16.49,PF,1666383599
Albany,42.6001,-73.9662,60.73,34,3,3.0,US,1666383178
Saskylakh,71.9167,114.0833,11.95,95,100,5.03,RU,1666383599
Kargasok,59.0556,80.8572,38.89,93,96,10.49,RU,1666383599
Saldanha,-33.0117,17.9442,60.85,75,8,27.63,ZA,1666383600
Chokurdakh,70.6333,147.9167,12.04,94,100,12.46,RU,1666383600
Pombas,17.1503,-25.0201,78.58,76,6,11.92,CV,1666383601
Coquimbo,-29.9533,-71.3436,58.73,77,75,10.36,CL,1666383601
Kerema,-7.9631,145.7785,77.54,83,97,3.76,PG,1666383602
Tura,25.5198,90.2201,67.64,77,0,5.84,IN,1666383602
Itapora,-22.0799,-54.7874,77.43,59,23,10.25,BR,1666383603
Kruisfontein,-34.0033,24.7314,60.89,77,100,7.72,ZA,1666383603
Puerto Ayora,-0.7393,-90.3518,78.76,88,95,7.0,EC,1666383604
Kahului,20.8947,-156.47,87.82,59,20,8.01,US,1666383511
Ushuaia,-54.8,-68.3,55.06,30,75,11.5,AR,1666383605
Butaritari,3.0707,172.7902,80.82,76,4,12.55,KI,1666383605
Lagoa,39.05,-27.9833,65.53,77,100,29.33,PT,1666383606
Dukat,62.55,155.55,-5.42,99,100,4.47,RU,1666383606
Aklavik,68.2191,-135.0107,23.0,93,100,3.44,CA,1666383606
Quesnel,52.9999,-122.5029,46.9,53,100,0.0,CA,1666383324
Hithadhoo,-0.6,73.0833,80.82,78,100,10.38,MV,1666383607
Dalvik,65.9702,-18.5286,28.33,85,100,2.95,IS,1666383608
Estância,-11.2683,-37.4383,77.76,69,15,8.14,BR,1666383609
Esperance,-33.8667,121.9,55.24,77,99,5.93,AU,1666383609
Pangnirtung,66.1451,-65.7125,32.0,86,100,4.61,CA,1666383609
Barrow,71.2906,-156.7887,26.62,93,100,24.16,US,1666383610
Rusape,-18.5278,32.1284,64.26,63,48,5.37,ZW,1666383610
Kununurra,-15.7667,128.7333,86.85,51,11,3.22,AU,1666383611
Chhāpar,27.8167,74.4,77.04,30,0,6.04,IN,1666383611
Byron Bay,-28.65,153.6167,66.7,86,100,13.56,AU,1666383612
Lompoc,34.6391,-120.4579,86.02,71,0,12.66,US,1666383612
Iquitos,-3.7481,-73.2472,91.44,58,75,5.75,PE,1666383612
Khatanga,71.9667,102.5,5.02,96,91,2.37,RU,1666383613
Asău,46.4333,26.4,40.28,53,58,5.41,RO,1666383613
Fortuna,40.5982,-124.1573,66.92,70,0,11.5,US,1666383614
Alice Springs,-23.7,133.8833,60.35,55,0,0.0,AU,1666383614
Castro,-24.7911,-50.0119,65.39,90,67,9.69,BR,1666383614
Geráki,37.0,22.7,56.93,63,0,4.52,GR,1666383615
Ulaangom,49.9811,92.0667,32.41,75,97,0.72,MN,1666383615
Palmer,42.1584,-72.3287,64.49,31,0,6.91,US,1666383607
Kintinku,-5.8833,35.2333,76.84,35,73,5.44,TZ,1666383616
Kulhudhuffushi,6.6221,73.07,80.15,83,100,12.06,MV,1666383617
Aimorés,-19.4958,-41.0639,86.11,47,89,12.53,BR,1666383617
Basoko,1.2391,23.616,72.45,95,100,0.16,CD,1666383618
Saint-Laurent-du-Var,43.671,7.1761,67.78,88,75,9.22,FR,1666383618
Kathu,7.9178,98.3332,84.74,88,100,11.72,TH,1666383619
Praia,14.9215,-23.5087,79.34,73,20,9.22,CV,1666383619
Cândido Mendes,-1.4467,-45.7167,82.62,69,43,6.96,BR,1666383619
Coyhaique,-45.5752,-72.0662,56.01,30,0,9.22,CL,1666383620
Mar del Plata,-38.0023,-57.5575,58.08,84,100,23.02,AR,1666383620
Chontalpa,17.7,-93.5167,76.89,80,100,6.69,MX,1666383621
Sorab,14.3833,75.1,69.66,89,100,4.45,IN,1666383622
Bathsheba,13.2167,-59.5167,86.61,70,20,14.97,BB,1666383622
Namatanai,-3.6667,152.4333,79.59,79,89,3.78,PG,1666383623
Katsuura,35.1333,140.3,69.4,69,100,16.22,JP,1666383624
Nanortalik,60.1432,-45.2371,40.73,87,100,18.9,GL,1666383624
Rome,34.257,-85.1647,73.9,28,0,3.44,US,1666383606
Ucluelet,48.9329,-125.5528,52.09,85,100,1.01,CA,1666383625
Mount Isa,-20.7333,139.5,74.3,32,0,8.23,AU,1666383625
Saint-Philippe,-21.3585,55.7679,71.19,84,44,10.47,RE,1666383625
Carutapera,-1.195,-46.02,83.17,69,42,8.97,BR,1666383626
Blackfoot,43.1905,-112.345,72.05,17,21,25.61,US,1666383626
Ilulissat,69.2167,-51.1,41.02,70,75,14.97,GL,1666383626
Salalah,17.0151,54.0924,78.89,73,20,3.44,OM,1666383627
Grindavik,63.8424,-22.4338,36.07,87,40,9.22,IS,1666383627
George Town,5.4112,100.3354,78.73,94,40,1.14,MY,1666383627
Burgeo,47.6167,-57.6152,51.66,87,100,11.61,CA,1666383628
Selfoss,63.9331,-20.9971,38.05,62,78,5.21,IS,1666383628
Zhongxing,33.7039,118.6792,62.06,81,0,2.71,CN,1666383628
Gachsaran,30.3586,50.7981,71.69,53,0,0.0,IR,1666383629
Yinchuan,38.4681,106.2731,51.33,21,34,5.64,CN,1666383629
Alofi,-19.0595,-169.9187,76.89,88,94,3.44,NU,1666383630
Bodden Town,19.2833,-81.25,82.4,75,75,8.05,KY,1666383630
Faya,18.3851,42.4509,62.71,62,0,2.15,SA,1666383630
Pingxiang,27.6167,113.85,63.95,57,12,0.58,CN,1666383631
Port-Gentil,-0.7193,8.7815,79.0,82,41,10.76,GA,1666383631
Hermanus,-34.4187,19.2345,55.8,76,94,10.98,ZA,1666383631
Port Elizabeth,-33.918,25.5701,63.1,97,75,19.57,ZA,1666383632
Maceió,-9.6658,-35.7353,77.99,74,46,10.45,BR,1666383632
Synya,65.3718,58.0387,32.85,97,100,11.34,RU,1666383632
Vaini,-21.2,-175.2,73.56,88,75,11.5,TO,1666383633
Kalmunai,7.4167,81.8167,75.51,90,100,9.15,LK,1666383633
Yellowknife,62.456,-114.3525,32.52,74,75,9.22,CA,1666383633
Romitan,39.9343,64.3814,55.35,47,0,2.3,UZ,1666383634
Antalaha,-14.9003,50.2788,66.47,86,1,6.33,MG,1666383634
Garça,-22.2106,-49.6561,75.78,69,44,13.47,BR,1666383634
Karwar,14.8,74.1333,77.67,85,35,3.42,IN,1666383635
Clyde River,70.4692,-68.5914,26.83,100,100,13.8,CA,1666383635
Kavieng,-2.5744,150.7967,81.57,73,100,6.87,PG,1666383635
Preobrazheniye,42.9019,133.9064,50.74,82,0,8.16,RU,1666383636
Provideniya,64.3833,-173.3,34.32,93,81,3.76,RU,1666383636
Yulara,-25.2406,130.9889,69.64,37,68,8.05,AU,1666383637
Olive Branch,34.9618,-89.8295,81.73,39,0,13.8,US,1666383637
Chippewa Falls,44.9369,-91.3929,68.97,41,0,9.22,US,1666383302
Gushikawa,26.3544,127.8686,77.0,100,75,3.44,JP,1666383638
Dāmghān,36.1683,54.348,67.21,28,3,3.38,IR,1666383638
Cap-aux-Meules,47.3821,-61.8597,55.45,67,20,16.11,CA,1666383638
Sechura,-5.5569,-80.8222,76.73,51,49,15.68,PE,1666383639
Narsaq,60.9167,-46.05,34.02,98,100,9.86,GL,1666383639
Bambous Virieux,-20.3428,57.7575,74.21,88,40,3.44,MU,1666383639
Terra Santa,-2.1042,-56.4869,95.83,37,21,2.71,BR,1666383639
Hyères,43.1167,6.1167,71.42,84,100,2.3,FR,1666383640
Ābdānān,32.9926,47.4198,66.85,29,0,0.56,IR,1666383640
Boende,-0.2167,20.8667,70.88,98,41,3.04,CD,1666383641
Billings Metropolitan Area,45.7833,-108.5007,68.29,30,100,10.0,US,1666383641
Kumul,42.8,93.45,46.63,36,0,1.07,CN,1666383641
Turnov,50.5836,15.1519,54.23,95,100,7.0,CZ,1666383642
Gamba,-2.65,10.0,77.4,84,100,6.26,GA,1666383642
Nador,35.174,-2.9287,70.05,64,0,4.61,MA,1666383642
Shelopugino,51.6514,117.5599,25.61,81,28,1.97,RU,1666383643
Seoul,37.5683,126.9778,53.04,100,85,1.14,KR,1666383445
Saint George,37.1041,-113.5841,78.94,23,0,3.44,US,1666383409
Tual,-5.6667,132.75,83.12,73,90,6.11,ID,1666383643
Bucerías,20.75,-105.3333,87.98,74,100,11.5,MX,1666383444
Griffith,41.5284,-87.4237,77.49,33,0,21.85,US,1666383644
Baruun-Urt,46.6806,113.2792,27.93,89,7,9.33,MN,1666383644
Lisala,2.15,21.5167,69.78,98,84,2.15,CD,1666383644
Nome,64.5011,-165.4064,37.47,76,100,4.61,US,1666383447
Ponta do Sol,32.6667,-17.1,74.01,92,89,6.49,PT,1666383645
Lumeje,-11.55,20.7833,71.37,56,40,1.72,AO,1666383645
Olinda,-8.0089,-34.8553,78.44,72,7,8.37,BR,1666383646
Iqaluit,63.7506,-68.5145,36.7,87,75,18.41,CA,1666383646
Atuona,-9.8,-139.0333,77.09,63,42,16.84,PF,1666383646
Cidreira,-30.1811,-50.2056,68.2,86,99,8.9,BR,1666383647
Samarai,-10.6167,150.6667,80.8,80,27,5.66,PG,1666383647
Bandarbeyla,9.4942,50.8122,77.95,87,33,9.91,SO,1666383647
Lashio,22.9333,97.75,65.32,98,74,0.96,MM,1666383648
Gizo Government Station,-8.103,156.8419,81.84,77,32,6.67,SB,1666383648
Pattani,6.75,100.4167,74.91,98,100,3.53,TH,1666383648
Nuuk,64.1835,-51.7216,43.41,87,100,23.02,GL,1666383649
Sainte-Suzanne,-20.9061,55.6089,71.82,85,75,11.5,RE,1666383649
Yoichi,43.2039,140.7703,54.86,87,7,9.33,JP,1666383649
São Filipe,14.8961,-24.4956,78.75,79,6,6.4,CV,1666383650
Codrington,-38.2667,141.9667,58.93,98,100,7.54,AU,1666383650
Evensk,61.95,159.2333,11.43,74,80,9.51,RU,1666383650
Vila Franca do Campo,37.7167,-25.4333,66.61,71,100,19.98,PT,1666383651
Florence,43.7667,11.25,67.53,84,0,1.99,IT,1666383213
Sungai Raya,0.7,108.9,78.44,86,100,1.63,ID,1666383651
Hasaki,35.7333,140.8333,58.21,68,100,16.98,JP,1666383651
Carnarvon,-24.8667,113.6333,66.07,80,22,13.15,AU,1666383652
Ellisras,-23.6649,27.7443,71.47,29,22,5.73,ZA,1666383652
Klaksvík,62.2266,-6.589,43.72,75,100,17.81,FO,1666383652
Labuhan,-6.8844,112.2051,78.49,83,100,4.12,ID,1666383653
Norman Wells,65.282,-126.8329,24.84,93,100,3.44,CA,1666383653
Médéa,36.2642,2.7539,71.06,34,15,6.58,DZ,1666383654
Noyabrsk,63.1994,75.4507,30.25,94,100,13.96,RU,1666383654
Serra,-20.1286,-40.3078,77.47,82,60,13.47,BR,1666383405
Makkah al Mukarramah,21.4267,39.8261,82.47,59,0,3.89,SA,1666383637
College,64.8569,-147.8028,34.59,94,100,8.05,US,1666383654
Chapais,49.7834,-74.8492,42.58,74,100,15.1,CA,1666383469
Sisimiut,66.9395,-53.6735,38.32,93,100,18.37,GL,1666383655
Avdeyevka,48.1399,37.7426,40.19,67,7,3.8,UA,1666383655
Thompson,55.7435,-97.8558,39.36,60,75,16.11,CA,1666383655
Hobyo,5.3505,48.5268,78.46,84,56,14.81,SO,1666383656
Tapiramutá,-11.8472,-40.7914,83.26,33,22,10.67,BR,1666383637
Lokosovo,61.1333,74.8167,33.62,79,100,8.72,RU,1666383656
Kutum,14.2,24.6667,78.57,22,36,8.75,SD,1666383657
Ukiah,39.1502,-123.2078,86.43,33,0,4.61,US,1666383657
Taltal,-25.4,-70.4833,62.15,65,22,5.01,CL,1666383657
Ishigaki,24.3448,124.1572,78.93,100,75,3.44,JP,1666383658
Tommot,58.9564,126.2925,24.3,96,100,5.39,RU,1666383658
Bera,24.0833,89.6167,75.6,78,0,11.1,BD,1666383658
Kirakira,-10.4544,161.9205,80.76,83,98,3.22,SB,1666383659
Cherskiy,68.75,161.3,9.25,96,100,8.25,RU,1666383659
Ahipara,-35.1667,173.1667,56.28,83,68,7.43,NZ,1666383659
Egvekinot,66.3167,-179.1667,24.49,95,100,5.88,RU,1666383660
Kaduna,10.5222,7.4383,74.61,41,100,5.3,NG,1666383660
Sur,22.5667,59.5289,79.63,51,0,7.09,OM,1666383660
Amapá,1.0,-52.0,94.59,35,100,4.41,BR,1666383661
Longyearbyen,78.2186,15.6401,24.64,63,20,16.11,SJ,1666383661
Comodoro Rivadavia,-45.8667,-67.5,66.06,14,0,14.97,AR,1666383661
Srednekolymsk,67.45,153.6833,13.06,95,100,10.69,RU,1666383662
Lavrentiya,65.5833,-171.0,33.82,95,100,6.35,RU,1666383663
Teahupoo,-17.8333,-149.2667,71.28,81,49,18.52,PF,1666383663
Teacapan,22.55,-105.75,85.28,67,98,8.72,MX,1666383664
Pisco,-13.7,-76.2167,66.02,72,0,10.36,PE,1666383664
Buritis,-15.6178,-46.4233,90.54,28,73,4.65,BR,1666383665
Bosaso,11.2842,49.1816,80.01,73,6,1.88,SO,1666383665
Merrill,45.1805,-89.6835,67.77,40,0,9.22,US,1666383666
Port Macquarie,-31.4333,152.9167,65.89,86,100,16.17,AU,1666383666
Maniitsoq,65.4167,-52.9,37.18,97,100,31.41,GL,1666383667
Yar-Sale,66.8333,70.8333,30.36,98,100,5.21,RU,1666383667
Port Lincoln,-34.7333,135.8667,56.43,87,100,4.7,AU,1666383667
Fairbanks,64.8378,-147.7164,34.61,95,100,8.05,US,1666383517
Novyy Svit,47.8059,38.0211,41.36,66,1,4.56,UA,1666383668
Oranjemund,-28.55,16.4333,59.32,85,11,14.52,NA,1666383668
Northam,51.0333,-4.2167,57.61,96,92,15.46,GB,1666383668
Los Llanos de Aridane,28.6585,-17.9182,69.55,93,75,9.22,ES,1666383669
Hohhot,40.8106,111.6522,41.29,48,0,8.95,CN,1666383670
Broken Hill,-31.95,141.4333,61.48,88,21,5.28,AU,1666383670
Riyadh,24.6877,46.7219,77.14,14,0,9.53,SA,1666383473
Presidencia Roque Sáenz Peña,-26.7852,-60.4388,85.96,30,0,6.04,AR,1666383490
Selma,36.5708,-119.6121,89.19,33,0,3.44,US,1666383671
Tuatapere,-46.1333,167.6833,45.54,70,11,3.06,NZ,1666383671
Iskateley,67.6803,53.1512,34.14,81,98,15.12,RU,1666383671
Kapaa,22.0752,-159.319,84.18,77,75,18.41,US,1666383506
Bilma,18.6853,12.9164,77.7,20,0,9.66,NE,1666383672
Eilat,29.5581,34.9482,71.44,94,0,5.75,IL,1666383672
Chone,-0.6833,-80.1,83.39,56,91,13.67,EC,1666383673
Kargopol',61.5071,38.9456,28.71,85,66,2.46,RU,1666383673
Laas,46.6166,10.7002,56.28,99,100,4.34,IT,1666383674
Kamaishi,39.2667,141.8833,55.92,79,19,6.78,JP,1666383674
Pacific Grove,36.6177,-121.9166,69.39,81,0,9.22,US,1666383675
Quzhou,28.9594,118.8686,60.69,71,49,2.77,CN,1666383675
Tessalit,20.1986,1.0114,83.28,15,100,7.0,ML,1666383675
Bereda,43.2686,-7.5406,58.41,97,63,8.1,ES,1666383676
Guiyang,26.5833,106.7167,61.29,100,100,0.0,CN,1666383676
Astara,38.5,48.6667,55.38,95,100,4.63,AZ,1666383677
Ormara,25.2088,64.6357,79.18,74,0,3.6,PK,1666383677
Conceição da Barra,-18.5933,-39.7322,77.32,75,77,11.81,BR,1666383677
Le Port,-20.9373,55.2919,71.6,74,14,6.53,RE,1666383678
Sioux Lookout,50.1001,-91.917,55.47,47,75,12.66,CA,1666383678
Aktash,50.3,87.7333,23.83,66,80,5.23,RU,1666383678
Nexø,55.0607,15.1306,53.69,78,100,11.16,DK,1666383680
Nishihara,26.1842,127.7558,77.05,100,75,3.44,JP,1666383680
Shitanjing,39.2342,106.3439,44.31,30,4,2.68,CN,1666383681
Emerald,-23.5333,148.1667,65.43,89,0,5.23,AU,1666383546
Nueva Loja,0.0847,-76.8828,88.21,57,95,2.46,EC,1666383681
Hamilton,39.1834,-84.5333,73.35,29,0,19.57,US,1666383682
Muros,42.7762,-9.0603,62.83,84,33,16.6,ES,1666383682
Nizwá,22.9333,57.5333,75.0,23,0,1.79,OM,1666383683
Moree,-29.4667,149.85,63.86,95,100,14.97,AU,1666383683
Shingū,33.7333,135.9833,62.6,79,100,4.61,JP,1666383683
Greymouth,-42.4667,171.2,53.35,85,90,0.87,NZ,1666383684
Kalabo,-14.97,22.6814,74.05,40,25,5.55,ZM,1666383684
Bismarck,46.8083,-100.7837,57.65,60,75,9.22,US,1666383601
Karratha,-20.7377,116.8463,73.58,58,0,14.52,AU,1666383685
Flinders,-34.5833,150.8552,66.18,91,82,4.0,AU,1666383685
Vao,-22.6667,167.4833,71.65,63,100,20.4,NC,1666383686
Faanui,-16.4833,-151.75,79.47,76,9,17.92,PF,1666383686
Morristown,36.214,-83.2949,67.71,29,0,4.61,US,1666383398
Say,13.1007,2.3689,88.07,24,3,5.23,NE,1666383687
Port Hardy,50.6996,-127.4199,50.18,87,75,6.91,CA,1666383687
Saint-François,46.4154,3.9054,60.24,82,0,5.75,FR,1666383688
Souillac,-20.5167,57.5167,71.98,88,40,3.44,MU,1666383688
Pinos,22.3,-101.5667,66.83,17,15,8.12,MX,1666383689
Paamiut,61.994,-49.6678,42.42,80,100,37.89,GL,1666383689
Mīzan Teferī,6.9833,35.5833,60.17,96,95,2.68,ET,1666383689
Launceston,-41.45,147.1667,62.24,100,100,4.61,AU,1666383690
Puerto Baquerizo Moreno,-0.9,-89.6,72.59,78,40,17.27,EC,1666383690
Obo,5.3998,26.4869,69.17,94,100,0.89,CF,1666383690
Rabo de Peixe,37.8,-25.5833,65.71,90,75,24.16,PT,1666383691
Dengzhou,37.8086,120.7508,58.39,74,65,7.94,CN,1666383691
Manggar,-2.8833,108.2667,78.78,84,100,1.88,ID,1666383692
Biak,-0.9131,122.8766,76.44,83,90,0.85,ID,1666383692
Ulaanbaatar,47.9077,106.8832,19.53,86,0,0.0,MN,1666383460
Bethel,41.3712,-73.414,64.63,40,0,6.91,US,1666383512
Pavlodar,52.3,76.95,48.0,53,40,11.18,KZ,1666383693
Fairmont,39.4851,-80.1426,66.9,33,21,1.99,US,1666383396
Trelew,-43.249,-65.3051,61.75,16,0,6.96,AR,1666383693
Hong Kong,22.2855,114.1577,75.33,81,100,5.01,HK,1666383675
Vostok,46.4856,135.8833,40.8,97,99,2.75,RU,1666383693
New Norfolk,-42.7826,147.0587,60.93,91,100,1.9,AU,1666383694
Olavarría,-36.8927,-60.3225,62.98,46,97,20.67,AR,1666383694
Hambantota,6.1241,81.1185,77.97,80,100,6.06,LK,1666383694
San Cristobal,7.7669,-72.225,73.44,87,97,1.39,VE,1666383695
Forsytheganj,52.6333,29.7333,41.18,79,100,5.44,BY,1666383695
Qaqortoq,60.7167,-46.0333,37.62,96,100,10.4,GL,1666383696
Ostrovnoy,68.0531,39.5131,31.82,77,100,13.58,RU,1666383696
Puerto Carreño,6.189,-67.4859,92.26,50,77,8.32,CO,1666383696
Bilibino,68.0546,166.4372,12.04,96,100,2.84,RU,1666383697
Burgos,42.3394,-3.7079,55.81,88,100,17.27,ES,1666383697
Aberdeen,57.1437,-2.0981,55.89,96,100,9.22,GB,1666383697
Isangel,-19.55,169.2667,75.45,76,97,16.22,VU,1666383698
Adrar,20.5022,-10.0711,87.89,12,99,11.34,MR,1666383698
Mikhaylovka,50.06,43.2379,36.79,78,43,10.65,RU,1666383698
Miyako,39.6367,141.9525,54.34,79,18,5.82,JP,1666383699
Abhā,18.2164,42.5053,62.42,82,0,4.61,SA,1666383400
Nevers,46.9896,3.159,58.75,95,100,5.82,FR,1666383699
Tongren,27.7172,109.1853,64.96,88,50,2.42,CN,1666383699
Jinchang,38.4953,102.1739,46.76,38,100,3.67,CN,1666383700
Huangzhou,30.45,114.8,62.65,54,0,3.74,CN,1666383700
Heraclea,37.5133,34.0467,50.88,53,14,2.42,TR,1666383701
Lodwar,3.1191,35.5973,86.02,38,19,20.15,KE,1666383701
Thai Binh,20.45,106.3333,69.06,88,99,10.38,VN,1666383701
Novopokrovka,49.8425,36.5477,37.98,71,19,3.56,UA,1666383702
Kudirkos Naumiestis,54.7731,22.8631,43.09,66,100,7.38,LT,1666383702
Ajdabiya,30.7554,20.2263,69.96,53,0,18.41,LY,1666383702
Mayo,38.8876,-76.5119,68.34,35,0,8.05,US,1666383702
Christchurch,-43.5333,172.6333,46.6,76,0,2.3,NZ,1666383703
Buenos Aires,-34.6132,-58.3772,72.99,76,20,17.27,AR,1666383551
Barra de Tecoanapa,16.5167,-98.75,82.83,72,87,7.58,MX,1666383703
Cockburn Town,21.4612,-71.1419,83.43,74,15,13.87,TC,1666383554
Anadyr,64.75,177.4833,30.7,93,75,13.42,RU,1666383704
Talnakh,69.4865,88.3972,34.21,98,100,15.03,RU,1666383704
Conceição do Araguaia,-8.2578,-49.2647,101.64,23,49,7.58,BR,1666383704
Izhevskoye,54.5567,40.8703,35.98,92,100,4.79,RU,1666383705
Darnah,32.767,22.6367,67.57,69,0,4.0,LY,1666383705
Rome,43.2128,-75.4557,64.81,30,0,7.0,US,1666383705
Bengkulu,-3.8004,102.2655,75.54,92,99,4.21,ID,1666383706
Akdepe,42.0551,59.3788,68.09,24,100,8.86,TM,1666383706
Angoram,-4.0625,144.0661,73.45,98,100,1.66,PG,1666383707
Kasamwa,-2.85,32.4333,69.93,74,95,2.01,TZ,1666383708
Catmondaan,10.6861,124.0139,80.06,82,54,5.68,PH,1666383708
Bhadrapur,26.544,88.0944,68.13,59,0,3.87,NP,1666383708
Bud,39.447,-86.1758,75.15,33,100,16.93,US,1666383709
Orotukan,62.2667,151.7,-1.66,95,100,3.78,RU,1666383709
Khovd,48.0056,91.6419,36.59,52,52,5.86,MN,1666383709
Nārāyanpet,16.7333,77.5,71.53,87,6,7.16,IN,1666383710
Sovetskiy,61.3614,63.5842,30.96,85,100,11.48,RU,1666383710
Yeniseysk,58.4497,92.1703,32.81,96,100,4.88,RU,1666383710
Hurghada,27.2574,33.8129,78.84,50,0,6.91,EG,1666383704
Guiratinga,-16.3494,-53.7583,76.32,76,95,1.63,BR,1666383711
Rotnes,60.0571,10.8614,37.89,95,38,2.84,NO,1666383711
Belmonte,-15.8631,-38.8828,77.18,74,9,9.98,BR,1666383711
Porto Nacional,-10.7081,-48.4172,100.4,20,100,1.1,BR,1666383712
Te Anau,-45.4167,167.7167,42.69,82,31,0.45,NZ,1666383712
Panguna,-6.3164,155.4848,68.54,91,65,0.83,PG,1666383712
Lorengau,-2.0226,147.2712,80.73,75,100,7.34,PG,1666383713
Tărlungeni,45.6333,25.75,39.99,34,21,3.94,RO,1666383713
Arkansas City,37.062,-97.0384,91.02,15,0,18.41,US,1666383713
Chase,50.8165,-119.6857,53.08,60,100,2.64,CA,1666383666
Sobolevo,54.4299,31.8996,40.6,80,100,4.27,RU,1666383714
Tripoli,32.8752,13.1875,73.17,62,0,9.71,LY,1666383714
Tilichiki,60.4667,166.1,13.15,91,70,5.61,RU,1666383715
Najrān,17.4924,44.1277,68.65,21,0,1.12,SA,1666383715
Tolga,34.7222,5.3785,74.21,34,46,6.15,DZ,1666383715
Maturin,9.75,-63.1767,93.04,52,17,4.61,VE,1666383716
Cururupu,-1.8283,-44.8683,82.78,71,49,6.13,BR,1666383716
Sal Rei,16.1833,-22.9167,78.67,80,7,13.33,CV,1666383716
Sehithwa,-20.4667,22.7167,82.8,22,11,6.4,BW,1666383717
Poum,-20.2333,164.0167,76.77,74,100,24.9,NC,1666383717
Eston,51.1501,-108.7514,46.92,39,100,9.84,CA,1666383718
Saint-Pierre,-21.3393,55.4781,71.28,73,100,3.44,RE,1666383718
Okato,-39.2,173.8833,54.91,100,0,2.35,NZ,1666383718
Alta,69.9689,23.2717,36.66,82,0,11.5,NO,1666383719
Charters Towers,-20.1,146.2667,68.97,88,0,3.44,AU,1666383719
Tshikapa,-6.4167,20.8,71.58,90,66,0.92,CD,1666383719
Baoying,33.2292,119.3092,58.32,89,0,4.27,CN,1666383720
Krutinka,56.0055,71.5113,42.22,85,100,8.63,RU,1666383720
Chipinge,-20.1883,32.6236,63.3,83,0,5.75,ZW,1666383720
Leh,34.1667,77.5833,28.85,52,5,3.94,IN,1666383721
Dingle,10.9995,122.6711,75.96,88,100,5.53,PH,1666383721
Buraidah,26.326,43.975,73.85,13,0,8.39,SA,1666383721
Morondava,-20.2833,44.2833,75.83,76,25,5.32,MG,1666383722
São João da Barra,-21.6403,-41.0511,75.43,82,81,27.45,BR,1666383722
Berdigestyakh,62.0989,126.6992,23.7,96,99,6.04,RU,1666383723
Lidköping,58.5052,13.1577,46.42,92,80,7.2,SE,1666383723
San Patricio,28.017,-97.5169,84.92,36,0,13.13,US,1666383723
Trairi,-3.2778,-39.2689,80.11,68,82,15.08,BR,1666383425
Mackay,-21.15,149.2,64.69,85,0,4.79,AU,1666383619
Camden,39.7835,-74.9663,67.96,33,0,1.99,US,1666382985
Abreu e Lima,-7.9117,-34.9028,78.46,71,9,7.76,BR,1666383724
Araouane,18.9048,-3.5265,89.02,14,100,6.93,ML,1666383725
Ibirama,-27.0569,-49.5178,70.32,90,50,2.86,BR,1666383726
Carauari,-4.8828,-66.8958,82.6,76,98,4.18,BR,1666383726
Pandrup,57.2215,9.6757,48.94,100,100,8.05,DK,1666383726
Kawalu,-7.3817,108.2082,72.41,97,100,2.01,ID,1666383727
Kepanjen,-8.1303,112.5727,72.32,93,100,1.7,ID,1666383727
Mukono,0.3533,32.7553,64.08,86,100,0.67,UG,1666383728
Moose Factory,51.2585,-80.6094,44.6,87,100,14.97,CA,1666383728
Torbay,47.6666,-52.7314,53.89,76,75,11.5,CA,1666383473
Ancud,-41.8697,-73.8203,51.49,61,1,8.08,CL,1666383729
Zhangjiakou,40.81,114.8794,46.09,48,0,11.95,CN,1666383581
Udalguri,26.7667,92.1333,67.48,62,0,4.21,IN,1666383729
Quatre Cocos,-20.2078,57.7625,74.08,79,77,10.92,MU,1666383730
Fartura,-23.3883,-49.51,73.69,84,41,10.07,BR,1666383730
La Asuncion,11.0333,-63.8628,89.33,62,1,13.8,VE,1666383731
Henties Bay,-22.116,14.2845,58.08,92,22,6.67,NA,1666383731
Tevaitoa,-16.7833,-151.5,79.27,75,10,17.65,PF,1666383731
Alcañiz,41.05,-0.1333,68.41,47,100,9.1,ES,1666383732
Tiksi,71.6872,128.8694,11.16,94,90,5.39,RU,1666383732
Roald,62.5833,6.1333,43.75,93,0,6.91,NO,1666383733
Hilton Head,32.2163,-80.7526,71.71,35,0,3.44,US,1666383081
Koygorodok,60.445,50.9968,29.16,85,45,8.7,RU,1666383733
Saurimo,-9.6608,20.3916,69.1,72,54,2.19,AO,1666383734
Gao,16.6362,1.637,85.53,16,100,11.61,ML,1666383734
Touros,-5.1989,-35.4608,78.96,70,10,16.71,BR,1666383735
San Quintín,30.4833,-115.95,73.65,64,14,8.75,MX,1666383735
San Miguel de Tucumán,-26.8241,-65.2226,89.6,23,0,12.66,AR,1666383614
Naze,28.3667,129.4833,74.32,86,100,16.62,JP,1666383736
La Reforma,25.0833,-108.05,87.69,52,9,10.07,MX,1666383736
Ketchikan,55.3422,-131.6461,48.67,76,100,8.05,US,1666383664
Dwārka,22.2394,68.9678,82.98,58,0,9.1,IN,1666383737
Natal,-5.795,-35.2094,79.32,66,11,12.24,BR,1666383463
Beringovskiy,63.05,179.3167,31.69,96,99,2.19,RU,1666383738
Panjāb,34.388,67.0233,40.48,16,100,2.89,AF,1666383738
Flin Flon,54.7682,-101.865,44.44,53,75,14.97,CA,1666383739
Novooleksiyivka,46.2269,34.6428,46.67,58,3,1.79,UA,1666383739
Ugoofaaru,5.6667,73.0,80.67,81,75,13.53,MV,1666383740
Brae,60.3964,-1.353,52.25,96,100,18.84,GB,1666383740
The Valley,18.217,-63.0578,86.14,66,20,9.22,AI,1666383741
San Jose,37.3394,-121.895,82.85,46,20,8.05,US,1666383166
Maţāy,28.419,30.7792,73.2,44,0,8.68,EG,1666383741
Tynda,55.1667,124.7167,19.65,86,66,3.53,RU,1666383741
Eydhafushi,5.1033,73.0708,80.67,82,67,14.5,MV,1666383742
Oistins,13.0667,-59.5333,86.09,70,20,14.97,BB,1666383742
Zalesovo,53.9939,84.7431,49.6,70,100,15.32,RU,1666383742
Manaure,11.7751,-72.4445,86.72,65,82,9.17,CO,1666383743
Gijang,35.2442,129.2139,58.73,54,100,5.64,KR,1666383743
Alto Araguaia,-17.3147,-53.2153,72.07,85,100,5.75,BR,1666383745
Myitkyina,25.3833,97.4,70.68,81,0,1.25,MM,1666383745
Dawson,31.7735,-84.4466,71.02,22,6,4.41,US,1666383490
Itacarambi,-15.1022,-44.0919,92.97,28,66,5.99,BR,1666383481
Progreso,21.2833,-89.6667,82.11,58,46,11.52,MX,1666383746
Omsukchan,62.5333,155.8,-3.33,98,100,4.59,RU,1666383747
Atar,20.5169,-13.0499,92.86,14,0,12.62,MR,1666383747
Kashary,49.04,41.0056,35.89,79,8,6.8,RU,1666383747
Olafsvik,64.8945,-23.7142,39.29,71,94,2.82,IS,1666383748
Opuwo,-18.0607,13.84,77.85,30,84,7.65,NA,1666383748
Bāglung,28.2719,83.5898,55.53,51,0,7.31,NP,1666383749
Cayenne,4.9333,-52.3333,84.24,74,0,5.75,GF,1666383749
Pangody,65.85,74.4859,30.0,96,99,10.96,RU,1666383749
Kitimat,54.0524,-128.6534,48.58,91,100,2.08,CA,1666383750
Yaan,7.3833,8.5667,74.44,89,69,2.95,NG,1666383750
Agnibilékrou,7.1344,-3.2047,73.9,86,15,2.86,CI,1666383750
Elk Point,42.6833,-96.6836,73.89,17,0,6.4,US,1666383751
Matata,-37.8833,176.75,53.96,55,2,6.22,NZ,1666383751
Aksarka,66.5606,67.7975,28.4,94,100,5.53,RU,1666383751
City of San Pedro,14.35,121.0167,80.31,88,40,3.44,PH,1666383752
São José da Coroa Grande,-8.8978,-35.1478,77.77,73,18,7.56,BR,1666383752
Kamiiso,41.8167,140.65,61.43,79,55,12.15,JP,1666383752
Sankeshwar,16.2667,74.4833,73.42,81,100,4.14,IN,1666383753
Boyuibe,-20.4167,-63.2833,85.1,25,13,8.3,BO,1666383753
Ugra,54.7777,34.3267,38.21,94,100,3.51,RU,1666383753
Omboué,-1.5746,9.2618,77.16,86,64,6.51,GA,1666383754
Leningradskiy,69.3833,178.4167,25.7,98,99,2.42,RU,1666383754
Pacifica,37.6138,-122.4869,77.05,82,20,15.01,US,1666383754
Lebedinyy,58.5167,125.5167,17.1,96,100,4.59,RU,1666383755
Guilin,25.2819,110.2864,69.91,42,19,4.18,CN,1666383755
Cairns,-16.9167,145.7667,76.06,94,2,2.3,AU,1666383598
Necochea,-38.5473,-58.7368,51.08,65,100,16.78,AR,1666383657
Dīg,27.4667,77.3333,74.61,48,0,6.51,IN,1666383756
Pudozh,61.8099,36.5345,29.93,78,44,0.89,RU,1666383756
Kribi,2.95,9.9167,77.16,87,94,3.47,CM,1666383756
Meadow Lake,34.8014,-106.5436,75.47,26,1,16.49,US,1666383757
Recea,47.6333,23.5167,49.91,57,75,5.01,RO,1666383757
Karlstad,59.3793,13.5036,42.28,92,31,8.75,SE,1666383758
Kholtoson,50.2981,103.3097,30.02,57,64,4.85,RU,1666383758
Juba,4.8517,31.5825,72.86,87,99,1.61,SS,1666383758
Aktau,43.65,51.2,59.88,57,100,26.64,KZ,1666383758
Kavaratti,10.5669,72.642,81.21,78,73,6.15,IN,1666383759
São Lourenço do Sul,-31.3653,-51.9783,61.41,93,100,14.74,BR,1666383760
Villablino,42.9393,-6.3194,53.76,91,27,6.02,ES,1666383761
Shangqiu,34.45,115.65,59.81,50,0,2.19,CN,1666383761
Praia da Vitória,38.7333,-27.0667,64.76,94,75,25.84,PT,1666383761
São Francisco,-15.9486,-44.8644,91.06,29,69,2.39,BR,1666383762
Otane,-39.8833,176.6333,49.01,60,1,3.91,NZ,1666383762
Linköping,58.4109,15.6216,45.79,97,100,5.75,SE,1666383645
Wang Saphung,17.301,101.7685,70.54,94,40,2.35,TH,1666383763
Pontianak,-0.0333,109.3333,73.38,100,75,2.3,ID,1666383533
Kirovo-Chepetsk,58.5539,50.0399,30.2,83,8,7.11,RU,1666383763
Ponta Delgada,37.7333,-25.6667,66.92,68,75,24.16,PT,1666383763
Lotoshino,56.2267,35.6414,40.19,88,100,4.65,RU,1666383764
Carballo,43.213,-8.691,62.76,91,74,10.38,ES,1666383764
La Ronge,55.1001,-105.2842,44.85,49,75,11.5,CA,1666383764
Caucayá,-0.1934,-74.7819,89.56,53,91,3.6,CO,1666383765
Ndola,-12.9587,28.6366,72.03,34,74,5.64,ZM,1666383765
Buala,-8.145,159.5921,81.14,83,80,7.23,SB,1666383765
Madaoua,14.073,5.96,86.67,17,8,7.94,NE,1666383766
Ventspils,57.3894,21.5606,42.73,93,0,6.91,LV,1666383766
Marshfield,44.6689,-90.1718,70.2,34,0,9.22,US,1666383766
Vestmannaeyjar,63.4427,-20.2734,42.64,60,94,6.42,IS,1666383767
Tibagi,-24.5094,-50.4136,68.02,93,88,6.33,BR,1666383767
Vändra,58.6481,25.0361,46.06,92,100,4.34,EE,1666383767
Nouadhibou,20.931,-17.0347,71.58,73,14,13.8,MR,1666383768
Oktyabr'skiy,54.4815,53.471,35.24,78,100,9.44,RU,1666383768
Tselinnoye,53.0833,85.6667,45.7,88,100,6.13,RU,1666383768
Klyuchevskiy,53.5317,119.4519,19.8,95,37,3.13,RU,1666383769
Haines Junction,60.7522,-137.5108,37.35,87,100,2.3,CA,1666383769
Şuraabad,40.8192,49.4687,56.82,61,100,19.71,AZ,1666383769
Kattivākkam,13.2167,80.3167,78.89,83,77,9.53,IN,1666383770
Inuvik,68.3499,-133.7218,20.26,86,75,5.75,CA,1666383770
Tecpan,14.7623,-90.9947,60.89,82,99,2.98,GT,1666383770
Kandrian,-6.2167,149.55,77.13,88,74,4.94,PG,1666383771
Novoanninskiy,50.5287,42.6747,35.56,84,16,8.46,RU,1666383771
Makushino,55.2103,67.2442,36.18,87,18,6.51,RU,1666383771
Rantauprapat,2.1,99.8333,74.19,99,100,1.79,ID,1666383772
Dryden,49.7833,-92.7503,55.69,47,0,20.71,CA,1666383772
Rawson,-43.3002,-65.1023,57.72,31,1,11.9,AR,1666383772
Aswān,24.0934,32.907,79.9,27,0,6.91,EG,1666383773
Lumsden,50.6501,-104.8678,52.02,36,100,8.41,CA,1666383773
Itaueira,-7.6033,-43.0256,98.26,19,99,6.76,BR,1666383773
Camacha,33.0833,-16.3333,65.62,88,20,3.44,PT,1666383774
Arrondissement de Saint-Denis,48.9167,2.3333,63.1,82,0,9.22,FR,1666383774
Nelson Bay,-32.7167,152.15,68.09,92,84,15.01,AU,1666383774
Portland,45.5234,-122.6762,55.09,86,100,5.75,US,1666383112
Kodino,63.7198,39.6447,29.07,91,44,4.41,RU,1666383667
Russell,32.3502,-85.1999,72.68,24,0,6.91,US,1666383775
Rupert,42.6191,-113.6772,71.19,21,0,11.5,US,1666383775
Husavik,66.0449,-17.3389,29.86,81,100,6.58,IS,1666383775
‘Āhuimanu,21.4447,-157.8378,85.17,74,75,11.5,US,1666383776
Zmeinogorsk,51.1567,82.195,45.14,63,93,10.25,RU,1666383776
Sitka,57.0531,-135.33,51.69,62,75,0.0,US,1666383776
Balabac,7.9868,117.0645,80.89,81,97,6.71,PH,1666383777
Brigantine,39.4101,-74.3646,66.2,47,0,10.36,US,1666383777
Kupang,-10.1667,123.5833,79.95,81,79,3.96,ID,1666383777
Dewā,27.0333,81.1667,71.6,63,0,1.59,IN,1666383778
Athabasca,54.7169,-113.2854,45.01,84,100,6.06,CA,1666383778
Zaysan,47.4667,84.8667,44.53,56,77,2.73,KZ,1666383778
Māngrol,21.1167,70.1167,81.14,60,0,6.51,IN,1666383779
Piteå,65.3172,21.4794,39.29,90,100,4.21,SE,1666383779
Krasnyy Chikoy,50.3643,108.7512,27.12,92,95,2.35,RU,1666383779
Linhares,-19.3911,-40.0722,78.4,67,92,13.38,BR,1666383780
Burnie,-41.0667,145.9167,59.94,99,100,1.12,AU,1666383780
Oktyabr'skoye,43.0645,44.7417,44.74,93,100,4.47,RU,1666383780
Doka,13.5167,35.7667,80.76,46,10,2.84,SD,1666383781
Palmas,-10.2128,-48.3603,94.98,19,100,1.28,BR,1666383779
Tondano,1.3038,124.9112,68.56,87,95,0.4,ID,1666383781
